{"cameraMode":{"drawMode":0,"name":"Shaded","section":"Shading Mode"},"sceneLighting":false,"audioPlay":false,"sceneViewState":{"showFog":true,"showMaterialUpdate":false,"showSkybox":true,"showFlares":true,"showImageEffects":true,"showParticleSystems":true},"in2DMode":false,"pivot":{"x":-0.48034095764160159,"y":-0.7138519287109375,"z":-3.6429319381713869},"rotation":{"x":-0.13512186706066132,"y":0.8647558689117432,"z":-0.3497237265110016,"w":-0.33411478996276858},"size":30.955833435058595,"orthographic":false}