{"cameraMode":{"drawMode":0,"name":"Shaded","section":"Shading Mode"},"sceneLighting":false,"audioPlay":false,"sceneViewState":{"showFog":true,"showMaterialUpdate":false,"showSkybox":true,"showFlares":true,"showImageEffects":true,"showParticleSystems":true},"in2DMode":false,"pivot":{"x":1.2095441818237305,"y":0.8147039413452148,"z":-2.44154691696167},"rotation":{"x":-0.14075428247451783,"y":0.8590052723884583,"z":-0.33694717288017275,"w":-0.3588382303714752},"size":23.978221893310548,"orthographic":false}