{"cameraMode":{"drawMode":0,"name":"Shaded","section":"Shading Mode"},"sceneLighting":false,"audioPlay":false,"sceneViewState":{"showFog":true,"showMaterialUpdate":false,"showSkybox":true,"showFlares":true,"showImageEffects":true,"showParticleSystems":true},"in2DMode":false,"pivot":{"x":-0.09710419923067093,"y":3.123399257659912,"z":-2.1769156455993654},"rotation":{"x":0.00017733451386447996,"y":0.9929859638214111,"z":0.11822275072336197,"w":-0.001489482237957418},"size":6.09028434753418,"orthographic":false}