{"cameraMode":{"drawMode":0,"name":"Shaded","section":"Shading Mode"},"sceneLighting":false,"audioPlay":false,"sceneViewState":{"showFog":true,"showMaterialUpdate":false,"showSkybox":true,"showFlares":true,"showImageEffects":true,"showParticleSystems":true},"in2DMode":false,"pivot":{"x":24.77513885498047,"y":-12.536678314208985,"z":-19.92961311340332},"rotation":{"x":-0.09917401522397995,"y":-0.8711599707603455,"z":0.1969285011291504,"w":-0.4387073218822479},"size":41.01628112792969,"orthographic":false}