{"cameraMode":{"drawMode":0,"name":"Shaded","section":"Shading Mode"},"sceneLighting":false,"audioPlay":false,"sceneViewState":{"showFog":true,"showMaterialUpdate":false,"showSkybox":true,"showFlares":true,"showImageEffects":true,"showParticleSystems":true},"in2DMode":false,"pivot":{"x":5.869999885559082,"y":0.3999999761581421,"z":-5.350000381469727},"rotation":{"x":-0.14075428247451783,"y":0.8590052723884583,"z":-0.33694717288017275,"w":-0.3588382303714752},"size":3.566908359527588,"orthographic":false}