{"cameraMode":{"drawMode":0,"name":"Shaded","section":"Shading Mode"},"sceneLighting":false,"audioPlay":false,"sceneViewState":{"showFog":true,"showMaterialUpdate":false,"showSkybox":true,"showFlares":true,"showImageEffects":true,"showParticleSystems":true},"in2DMode":false,"pivot":{"x":2.025282859802246,"y":0.6179256439208984,"z":-3.0076522827148439},"rotation":{"x":-0.14075428247451783,"y":0.8590052723884583,"z":-0.33694717288017275,"w":-0.3588382303714752},"size":26.329301834106447,"orthographic":false}