{"cameraMode":{"drawMode":0,"name":"Shaded","section":"Shading Mode"},"sceneLighting":false,"audioPlay":false,"sceneViewState":{"showFog":true,"showMaterialUpdate":false,"showSkybox":true,"showFlares":true,"showImageEffects":true,"showParticleSystems":true},"in2DMode":false,"pivot":{"x":3.2169322967529299,"y":0.24997234344482423,"z":-2.2620906829833986},"rotation":{"x":-0.15224699676036836,"y":-0.807079553604126,"z":0.23673096299171449,"w":-0.5190394520759583},"size":13.898633003234864,"orthographic":false}