{"cameraMode":{"drawMode":0,"name":"Shaded","section":"Shading Mode"},"sceneLighting":false,"audioPlay":false,"sceneViewState":{"showFog":true,"showMaterialUpdate":false,"showSkybox":true,"showFlares":true,"showImageEffects":true,"showParticleSystems":true},"in2DMode":false,"pivot":{"x":0.22068262100219727,"y":1.1824774742126465,"z":-2.2994821071624758},"rotation":{"x":-0.18458573520183564,"y":0.7666735649108887,"z":-0.252367228269577,"w":-0.5607588887214661},"size":7.305957794189453,"orthographic":false}