{"cameraMode":{"drawMode":0,"name":"Shaded","section":"Shading Mode"},"sceneLighting":false,"audioPlay":false,"sceneViewState":{"showFog":true,"showMaterialUpdate":false,"showSkybox":true,"showFlares":true,"showImageEffects":true,"showParticleSystems":true},"in2DMode":false,"pivot":{"x":0.01797962188720703,"y":0.3843176066875458,"z":4.254594326019287},"rotation":{"x":-0.14075428247451783,"y":0.8590052723884583,"z":-0.33694717288017275,"w":-0.3588382303714752},"size":2.4568910598754885,"orthographic":false}