{"cameraMode":{"drawMode":0,"name":"Shaded","section":"Shading Mode"},"sceneLighting":false,"audioPlay":false,"sceneViewState":{"showFog":true,"showMaterialUpdate":false,"showSkybox":true,"showFlares":true,"showImageEffects":true,"showParticleSystems":true},"in2DMode":false,"pivot":{"x":10.954856872558594,"y":22.59381866455078,"z":14.465158462524414},"rotation":{"x":-0.14075428247451783,"y":0.8590052723884583,"z":-0.33694717288017275,"w":-0.3588382303714752},"size":6.869522571563721,"orthographic":false}