{"cameraMode":{"drawMode":0,"name":"Shaded","section":"Shading Mode"},"sceneLighting":false,"audioPlay":false,"sceneViewState":{"showFog":true,"showMaterialUpdate":false,"showSkybox":true,"showFlares":true,"showImageEffects":true,"showParticleSystems":true},"in2DMode":false,"pivot":{"x":-62.0894775390625,"y":-161.41744995117188,"z":-244.9281463623047},"rotation":{"x":-0.044763971120119098,"y":0.9509969353675842,"z":-0.25737932324409487,"w":-0.16539953649044038},"size":541.4603271484375,"orthographic":false}