{"cameraMode":{"drawMode":0,"name":"Shaded","section":"Shading Mode"},"sceneLighting":false,"audioPlay":false,"sceneViewState":{"showFog":true,"showMaterialUpdate":false,"showSkybox":true,"showFlares":true,"showImageEffects":true,"showParticleSystems":true},"in2DMode":false,"pivot":{"x":-0.24949383735656739,"y":1.9935925006866456,"z":1.1795272827148438},"rotation":{"x":-0.1175822988152504,"y":0.8791881799697876,"z":-0.28386881947517397,"w":-0.3641718327999115},"size":4.626494407653809,"orthographic":false}