{"cameraMode":{"drawMode":0,"name":"Shaded","section":"Shading Mode"},"sceneLighting":false,"audioPlay":false,"sceneViewState":{"showFog":true,"showMaterialUpdate":false,"showSkybox":true,"showFlares":true,"showImageEffects":true,"showParticleSystems":true},"in2DMode":false,"pivot":{"x":11.364339828491211,"y":21.44468879699707,"z":2.1023216247558595},"rotation":{"x":-0.22210964560508729,"y":0.7770454287528992,"z":-0.4364958703517914,"w":-0.395397424697876},"size":14.749836921691895,"orthographic":false}