{"cameraMode":{"drawMode":0,"name":"Shaded","section":"Shading Mode"},"sceneLighting":false,"audioPlay":false,"sceneViewState":{"showFog":true,"showMaterialUpdate":false,"showSkybox":true,"showFlares":true,"showImageEffects":true,"showParticleSystems":true},"in2DMode":false,"pivot":{"x":0.025305677205324174,"y":0.0061232224106788639,"z":0.06812169402837753},"rotation":{"x":-0.26709064841270449,"y":0.3608487546443939,"z":-0.10866569727659226,"w":-0.8869287967681885},"size":0.17098243534564973,"orthographic":false}