{"cameraMode":{"drawMode":0,"name":"Shaded","section":"Shading Mode"},"sceneLighting":true,"audioPlay":false,"sceneViewState":{"showFog":true,"showMaterialUpdate":false,"showSkybox":true,"showFlares":true,"showImageEffects":true,"showParticleSystems":true},"in2DMode":false,"pivot":{"x":21.35938262939453,"y":17.23336410522461,"z":-28.392921447753908},"rotation":{"x":-0.3078846335411072,"y":0.41805681586265566,"z":-0.1530774086713791,"w":-0.8408346772193909},"size":5.739303112030029,"orthographic":false}